setup.dbf,setup,monthdate,monthdate date not null,weekdate date not null,splitdate date not null,,,,,,,,,,,,,,,,,,,,,,,,,,,,,,,,,,,,,,,,,,,,,,,,,,,,,,,,,,,,,,,,,,,,,,,,,,,,,,,,,,,,,,,,,,,,,,,,,,,,,,,,,,,,,,,,,,,,,,,,,,,,,,,,,,,,,,,,,,,,,,,,,,,,,,,,,,,,,,,,,,,,,,,,,,,,,,,,,,,,,,,,,,,,,,,,,,,,,,,,,,,,,,,,,,,,,,,,,,,,,,,,,,,,,,,,,,,,,,,,,,,,,,,,,,,,,,,,,,,,,,,,,,,,,,,,,,,,,,,,,,,,,,,,,,,,,,,,,,,,,,,,,,,,,,,,,,,,,,,,,,,,,,,,,,,,,,,,,,,,,,,,,,,,,,,,,,,,,,,,,,,,,,,,,,,,,,,,,,,,,,,,,,,,,,,,,,,,,,,,,,,,,,,,,,,,,,,,,,,,,,,,,,,,,,,,,,,,,,,,,,,,,,,,,,,,,,,,,,,,,,,,,,,,,,,,,,,,,,,,,,,,,,,,,,,,,,,,,,,,,,
si_avg.dbf,si_avg,field_name,field_name varchar(10) not null,"average decimal(11,2) not null","high decimal(11,2) not null","low decimal(11,2) not null","sample decimal(5,0) not null","median decimal(11,2) not null","stddev decimal(11,2) not null",,,,,,,,,,,,,,,,,,,,,,,,,,,,,,,,,,,,,,,,,,,,,,,,,,,,,,,,,,,,,,,,,,,,,,,,,,,,,,,,,,,,,,,,,,,,,,,,,,,,,,,,,,,,,,,,,,,,,,,,,,,,,,,,,,,,,,,,,,,,,,,,,,,,,,,,,,,,,,,,,,,,,,,,,,,,,,,,,,,,,,,,,,,,,,,,,,,,,,,,,,,,,,,,,,,,,,,,,,,,,,,,,,,,,,,,,,,,,,,,,,,,,,,,,,,,,,,,,,,,,,,,,,,,,,,,,,,,,,,,,,,,,,,,,,,,,,,,,,,,,,,,,,,,,,,,,,,,,,,,,,,,,,,,,,,,,,,,,,,,,,,,,,,,,,,,,,,,,,,,,,,,,,,,,,,,,,,,,,,,,,,,,,,,,,,,,,,,,,,,,,,,,,,,,,,,,,,,,,,,,,,,,,,,,,,,,,,,,,,,,,,,,,,,,,,,,,,,,,,,,,,,,,,,,,,,,,,,,,,,,,,,,,,,,,,,,,,,,,
si_bsa.dbf,si_bsa,company_id,varchar(8) not null,varchar(10) null,varchar(10) null,varchar(10) null,varchar(10) null,varchar(10) null,varchar(10) null,varchar(10) null,varchar(10) null,varchar(10) null,varchar(10) null,varchar(10) null,varchar(10) null,varchar(10) null,varchar(10) null,varchar(10) null,varchar(10) null,varchar(10) null,varchar(10) null,varchar(10) null,varchar(10) null,varchar(10) null,varchar(10) null,varchar(10) null,varchar(10) null,varchar(10) null,varchar(10) null,varchar(10) null,varchar(10) null,varchar(10) null,varchar(10) null,varchar(10) null,varchar(10) null,varchar(10) null,varchar(10) null,varchar(10) null,varchar(10) null,varchar(10) null,varchar(10) null,varchar(10) null,varchar(10) null,varchar(10) null,varchar(10) null,varchar(10) null,varchar(10) null,varchar(10) null,varchar(10) null,varchar(10) null,varchar(10) null,varchar(10) null,varchar(10) null,varchar(10) null,varchar(10) null,varchar(10) null,varchar(10) null,varchar(10) null,varchar(10) null,varchar(10) null,varchar(10) null,varchar(10) null,varchar(10) null,varchar(10) null,varchar(10) null,varchar(10) null,varchar(10) null,varchar(10) null,varchar(10) null,varchar(10) null,varchar(10) null,varchar(10) null,varchar(10) null,varchar(10) null,varchar(10) null,varchar(10) null,varchar(10) null,varchar(10) null,varchar(10) null,varchar(10) null,varchar(10) null,varchar(10) null,varchar(10) null,varchar(10) null,varchar(10) null,varchar(10) null,varchar(10) null,varchar(10) null,varchar(10) null,varchar(10) null,varchar(10) null,varchar(10) null,varchar(10) null,varchar(10) null,varchar(10) null,varchar(10) null,varchar(10) null,varchar(10) null,varchar(10) null,varchar(10) null,varchar(10) null,varchar(10) null,varchar(10) null,varchar(10) null,varchar(10) null,varchar(10) null,varchar(10) null,varchar(10) null,varchar(10) null,varchar(10) null,varchar(10) null,varchar(10) null,varchar(10) null,varchar(10) null,varchar(10) null,varchar(10) null,varchar(10) null,varchar(10) null,varchar(10) null,varchar(10) null,varchar(10) null,varchar(10) null,varchar(10) null,varchar(10) null,varchar(10) null,varchar(10) null,varchar(10) null,varchar(10) null,varchar(10) null,varchar(10) null,varchar(10) null,varchar(10) null,varchar(10) null,varchar(10) null,varchar(10) null,varchar(10) null,varchar(10) null,varchar(10) null,varchar(10) null,varchar(10) null,varchar(10) null,varchar(10) null,varchar(10) null,varchar(10) null,varchar(10) null,varchar(10) null,varchar(10) null,varchar(10) null,varchar(10) null,varchar(10) null,varchar(10) null,varchar(10) null,varchar(10) null,varchar(10) null,varchar(10) null,varchar(10) null,varchar(10) null,varchar(5) not null,date null,bit not null,varchar(10) null,varchar(10) null,varchar(10) null,varchar(10) null,varchar(10) null,varchar(10) null,varchar(10) null,varchar(10) null,varchar(10) null,varchar(10) null,varchar(10) null,varchar(10) null,varchar(10) null,varchar(10) null,varchar(10) null,varchar(10) null,varchar(10) null,varchar(10) null,varchar(10) null,varchar(10) null,varchar(10) null,varchar(10) null,varchar(10) null,varchar(10) null,varchar(10) null,varchar(10) null,varchar(10) null,varchar(10) null,varchar(10) null,varchar(10) null,varchar(10) null,varchar(10) null,varchar(10) null,,,,,,,,,,,,,,,,,,,,,,,,,,,,,,,,,,,,,,,,,,,,,,,,,,,,,,,,,,,,,,,,,,,,,,,,,,,,,,,,,,,,,,,,,,,,,,,,,,,,,,,,,,,,,,,,,,,,,,,,,,,,,,,,,,,,,,,,,,,,,,,,,,,,,,,,,,,,,,,,,,,,,,,,,,,,,,,,,,,,,,,,,,,,,,,,,,,,,,,,,,,,,,,,,,,,,,,,,,,,,,,,,,,,,,,,,,,,,,,,,,,,,,,,,,,,,,,,,,,,,,,,,,,,,,,,,,,,,,,,,,,,,,,,,,,,,,,,,,,,,,,,,,,,,,,,,,
si_bsq.dbf,si_bsq,company_id,varchar(8) not null,varchar(10) null,varchar(10) null,varchar(10) null,varchar(10) null,varchar(10) null,varchar(10) null,varchar(10) null,varchar(10) null,varchar(10) null,varchar(10) null,varchar(10) null,varchar(10) null,varchar(10) null,varchar(10) null,varchar(10) null,varchar(10) null,varchar(10) null,varchar(10) null,varchar(10) null,varchar(10) null,varchar(10) null,varchar(10) null,varchar(10) null,varchar(10) null,varchar(10) null,varchar(10) null,varchar(10) null,varchar(10) null,varchar(10) null,varchar(10) null,varchar(10) null,varchar(10) null,varchar(10) null,varchar(10) null,varchar(10) null,varchar(10) null,varchar(10) null,varchar(10) null,varchar(10) null,varchar(10) null,varchar(10) null,varchar(10) null,varchar(10) null,varchar(10) null,varchar(10) null,varchar(10) null,varchar(10) null,varchar(10) null,varchar(10) null,varchar(10) null,varchar(10) null,varchar(10) null,varchar(10) null,varchar(10) null,varchar(10) null,varchar(10) null,varchar(10) null,varchar(10) null,varchar(10) null,varchar(10) null,varchar(10) null,varchar(10) null,varchar(10) null,varchar(10) null,varchar(10) null,varchar(10) null,varchar(10) null,varchar(10) null,varchar(10) null,varchar(10) null,varchar(10) null,varchar(10) null,varchar(10) null,varchar(10) null,varchar(10) null,varchar(10) null,varchar(10) null,varchar(10) null,varchar(10) null,varchar(10) null,varchar(10) null,varchar(10) null,varchar(10) null,varchar(10) null,varchar(10) null,varchar(10) null,varchar(10) null,varchar(10) null,varchar(10) null,varchar(10) null,varchar(10) null,varchar(10) null,varchar(10) null,varchar(10) null,varchar(10) null,varchar(10) null,varchar(10) null,varchar(10) null,varchar(10) null,varchar(10) null,varchar(10) null,varchar(10) null,varchar(10) null,varchar(10) null,varchar(10) null,varchar(10) null,varchar(10) null,varchar(10) null,varchar(10) null,varchar(10) null,varchar(10) null,varchar(10) null,varchar(10) null,varchar(10) null,varchar(10) null,varchar(10) null,varchar(10) null,varchar(10) null,varchar(10) null,varchar(10) null,varchar(10) null,varchar(10) null,varchar(10) null,varchar(10) null,varchar(10) null,varchar(10) null,varchar(10) null,varchar(10) null,varchar(10) null,varchar(10) null,varchar(10) null,varchar(10) null,varchar(10) null,varchar(10) null,varchar(10) null,varchar(10) null,varchar(10) null,varchar(10) null,varchar(10) null,varchar(10) null,varchar(10) null,varchar(10) null,varchar(10) null,varchar(10) null,varchar(10) null,varchar(10) null,varchar(10) null,varchar(10) null,varchar(10) null,varchar(10) null,varchar(10) null,varchar(10) null,varchar(10) null,varchar(10) null,varchar(10) null,varchar(10) null,varchar(10) null,varchar(10) null,varchar(10) null,varchar(10) null,varchar(10) null,varchar(10) null,varchar(10) null,varchar(10) null,varchar(10) null,varchar(10) null,varchar(10) null,varchar(10) null,varchar(10) null,varchar(10) null,varchar(10) null,varchar(10) null,varchar(10) null,varchar(10) null,varchar(10) null,varchar(10) null,varchar(11) null,varchar(11) null,varchar(10) null,varchar(5) not null,date null,bit not null,varchar(10) null,varchar(10) null,varchar(10) null,varchar(10) null,varchar(10) null,varchar(10) null,varchar(10) null,varchar(10) null,varchar(10) null,varchar(10) null,varchar(10) null,varchar(10) null,varchar(10) null,varchar(10) null,varchar(10) null,varchar(10) null,varchar(10) null,varchar(10) null,varchar(10) null,varchar(10) null,varchar(10) null,varchar(10) null,varchar(10) null,varchar(10) null,varchar(10) null,varchar(10) null,varchar(10) null,varchar(10) null,varchar(10) null,varchar(10) null,varchar(10) null,varchar(10) null,,,,,,,,,,,,,,,,,,,,,,,,,,,,,,,,,,,,,,,,,,,,,,,,,,,,,,,,,,,,,,,,,,,,,,,,,,,,,,,,,,,,,,,,,,,,,,,,,,,,,,,,,,,,,,,,,,,,,,,,,,,,,,,,,,,,,,,,,,,,,,,,,,,,,,,,,,,,,,,,,,,,,,,,,,,,,,,,,,,,,,,,,,,,,,,,,,,,,,,,,,,,,,,,,,,,,,,,,,,,,,,,,,,,,,,,,,,,,,,,,,,,,,,,,,,,,,,,,,,,,,,,,,,,,,,,,,,,,,,,,,,,,,,,,,
si_cfa.dbf,si_cfa,company_id,varchar(8) not null,varchar(8) null,varchar(8) null,varchar(8) null,varchar(8) null,varchar(8) null,varchar(8) null,varchar(8) null,varchar(8) null,varchar(8) null,varchar(8) null,varchar(8) null,varchar(8) null,varchar(8) null,varchar(8) null,varchar(8) null,varchar(8) null,varchar(8) null,varchar(8) null,varchar(8) null,varchar(8) null,varchar(8) null,varchar(8) null,varchar(8) null,varchar(8) null,varchar(8) null,varchar(8) null,varchar(8) null,varchar(8) null,varchar(8) null,varchar(8) null,varchar(8) null,varchar(8) null,varchar(8) null,varchar(8) null,varchar(8) null,varchar(8) null,varchar(8) null,varchar(8) null,varchar(8) null,varchar(8) null,varchar(8) null,varchar(8) null,varchar(8) null,varchar(8) null,varchar(8) null,varchar(8) null,varchar(8) null,varchar(8) null,varchar(8) null,varchar(8) null,varchar(8) null,varchar(8) null,varchar(8) null,varchar(8) null,varchar(8) null,varchar(8) null,varchar(7) null,varchar(7) null,varchar(7) null,varchar(7) null,varchar(7) null,varchar(7) null,varchar(7) null,varchar(7) null,varchar(7) null,varchar(7) null,varchar(7) null,varchar(7) null,varchar(7) null,varchar(7) null,varchar(7) null,varchar(7) null,varchar(8) null,varchar(8) null,varchar(7) null,varchar(7) null,varchar(8) null,varchar(5) not null,date null,bit null,varchar(8) null,varchar(8) null,varchar(8) null,varchar(8) null,varchar(8) null,varchar(8) null,varchar(8) null,varchar(8) null,,,,,,,,,,,,,,,,,,,,,,,,,,,,,,,,,,,,,,,,,,,,,,,,,,,,,,,,,,,,,,,,,,,,,,,,,,,,,,,,,,,,,,,,,,,,,,,,,,,,,,,,,,,,,,,,,,,,,,,,,,,,,,,,,,,,,,,,,,,,,,,,,,,,,,,,,,,,,,,,,,,,,,,,,,,,,,,,,,,,,,,,,,,,,,,,,,,,,,,,,,,,,,,,,,,,,,,,,,,,,,,,,,,,,,,,,,,,,,,,,,,,,,,,,,,,,,,,,,,,,,,,,,,,,,,,,,,,,,,,,,,,,,,,,,,,,,,,,,,,,,,,,,,,,,,,,,,,,,,,,,,,,,,,,,,,,,,,,,,,,,,,,,,,,,,,,,,,,,,,,,,,,,,,,,,,,,,,,,,,,,,,,,,,,,,,,,,,,,,,,,,,,,,,,,,,,,,,
si_cfq.dbf,si_cfq,company_id,varchar(8) not null,varchar(8) null,varchar(8) null,varchar(8) null,varchar(8) null,varchar(8) null,varchar(8) null,varchar(8) null,varchar(8) null,varchar(8) null,varchar(8) null,varchar(8) null,varchar(8) null,varchar(8) null,varchar(8) null,varchar(8) null,varchar(8) null,varchar(8) null,varchar(8) null,varchar(8) null,varchar(8) null,varchar(8) null,varchar(8) null,varchar(8) null,varchar(8) null,varchar(8) null,varchar(8) null,varchar(8) null,varchar(8) null,varchar(8) null,varchar(8) null,varchar(8) null,varchar(8) null,varchar(8) null,varchar(8) null,varchar(8) null,varchar(8) null,varchar(8) null,varchar(8) null,varchar(8) null,varchar(8) null,varchar(8) null,varchar(8) null,varchar(8) null,varchar(8) null,varchar(8) null,varchar(8) null,varchar(8) null,varchar(8) null,varchar(8) null,varchar(8) null,varchar(8) null,varchar(8) null,varchar(8) null,varchar(8) null,varchar(8) null,varchar(8) null,varchar(7) null,varchar(7) null,varchar(7) null,varchar(7) null,varchar(7) null,varchar(7) null,varchar(7) null,varchar(7) null,varchar(7) null,varchar(7) null,varchar(7) null,varchar(7) null,varchar(7) null,varchar(7) null,varchar(7) null,varchar(7) null,varchar(9) null,varchar(9) null,varchar(9) null,varchar(9) null,varchar(9) null,varchar(9) null,varchar(9) null,varchar(9) null,varchar(9) null,varchar(9) null,varchar(9) null,varchar(9) null,varchar(5) not null,date null,bit null,varchar(8) null,varchar(8) null,varchar(8) null,varchar(8) null,varchar(8) null,varchar(8) null,varchar(8) null,varchar(8) null,,,,,,,,,,,,,,,,,,,,,,,,,,,,,,,,,,,,,,,,,,,,,,,,,,,,,,,,,,,,,,,,,,,,,,,,,,,,,,,,,,,,,,,,,,,,,,,,,,,,,,,,,,,,,,,,,,,,,,,,,,,,,,,,,,,,,,,,,,,,,,,,,,,,,,,,,,,,,,,,,,,,,,,,,,,,,,,,,,,,,,,,,,,,,,,,,,,,,,,,,,,,,,,,,,,,,,,,,,,,,,,,,,,,,,,,,,,,,,,,,,,,,,,,,,,,,,,,,,,,,,,,,,,,,,,,,,,,,,,,,,,,,,,,,,,,,,,,,,,,,,,,,,,,,,,,,,,,,,,,,,,,,,,,,,,,,,,,,,,,,,,,,,,,,,,,,,,,,,,,,,,,,,,,,,,,,,,,,,,,,,,,,,,,,,,,,,,,,,,,,,,,,,,,,
si_ci.dbf,si_ci,company_id,varchar(8) not null,varchar(30) null,varchar(6) null,varchar(1) null,varchar(60) null,varchar(30) null,varchar(2) null,varchar(10) null,varchar(20) null,varchar(14) null,varchar(60) not null,text null,text null,varchar(3) null,varchar(4) null,varchar(4) null,bit null,varchar(3) null,varchar(2) null,bit null,varchar(9) null,bit null,varchar(5) not null,date not null,,,,,,,,,,,,,,,,,,,,,,,,,,,,,,,,,,,,,,,,,,,,,,,,,,,,,,,,,,,,,,,,,,,,,,,,,,,,,,,,,,,,,,,,,,,,,,,,,,,,,,,,,,,,,,,,,,,,,,,,,,,,,,,,,,,,,,,,,,,,,,,,,,,,,,,,,,,,,,,,,,,,,,,,,,,,,,,,,,,,,,,,,,,,,,,,,,,,,,,,,,,,,,,,,,,,,,,,,,,,,,,,,,,,,,,,,,,,,,,,,,,,,,,,,,,,,,,,,,,,,,,,,,,,,,,,,,,,,,,,,,,,,,,,,,,,,,,,,,,,,,,,,,,,,,,,,,,,,,,,,,,,,,,,,,,,,,,,,,,,,,,,,,,,,,,,,,,,,,,,,,,,,,,,,,,,,,,,,,,,,,,,,,,,,,,,,,,,,,,,,,,,,,,,,,,,,,,,,,,,,,,,,,,,,,,,,,,,,,,,,,,,,,,,,,,,,,,,,,,,,,,,,,,,,,,,,,,,,,,,,
si_date.dbf,si_date,company_id,varchar(8) not null,date null,date null,date null,date null,date null,date null,date null,date null,date null,date null,date null,date null,date null,date null,date null,varchar(3) null,varchar(3) null,varchar(3) null,varchar(3) null,varchar(3) null,varchar(3) null,varchar(3) null,varchar(3) null,varchar(3) null,varchar(3) null,varchar(3) null,varchar(3) null,varchar(3) null,varchar(3) null,varchar(3) null,varchar(5) not null,bit null,varchar(1) null,varchar(1) null,varchar(1) null,varchar(1) null,varchar(1) null,varchar(1) null,varchar(1) null,varchar(1) null,varchar(1) null,varchar(1) null,varchar(1) null,varchar(1) null,varchar(1) null,varchar(1) null,varchar(1) null,varchar(3) null,varchar(3) null,varchar(3) null,varchar(3) null,varchar(3) null,varchar(3) null,varchar(3) null,varchar(3) null,varchar(3) null,varchar(3) null,varchar(3) null,varchar(3) null,varchar(3) null,varchar(3) null,varchar(3) null,,,,,,,,,,,,,,,,,,,,,,,,,,,,,,,,,,,,,,,,,,,,,,,,,,,,,,,,,,,,,,,,,,,,,,,,,,,,,,,,,,,,,,,,,,,,,,,,,,,,,,,,,,,,,,,,,,,,,,,,,,,,,,,,,,,,,,,,,,,,,,,,,,,,,,,,,,,,,,,,,,,,,,,,,,,,,,,,,,,,,,,,,,,,,,,,,,,,,,,,,,,,,,,,,,,,,,,,,,,,,,,,,,,,,,,,,,,,,,,,,,,,,,,,,,,,,,,,,,,,,,,,,,,,,,,,,,,,,,,,,,,,,,,,,,,,,,,,,,,,,,,,,,,,,,,,,,,,,,,,,,,,,,,,,,,,,,,,,,,,,,,,,,,,,,,,,,,,,,,,,,,,,,,,,,,,,,,,,,,,,,,,,,,,,,,,,,,,,,,,,,,,,,,,,,,,,,,,,,,,,,,,,,,,,,,,,,,,,,,,,,
SI_DOW.DBF,SI_DOW,dow_code,varchar(2) not null,varchar(15) not null,,,,,,,,,,,,,,,,,,,,,,,,,,,,,,,,,,,,,,,,,,,,,,,,,,,,,,,,,,,,,,,,,,,,,,,,,,,,,,,,,,,,,,,,,,,,,,,,,,,,,,,,,,,,,,,,,,,,,,,,,,,,,,,,,,,,,,,,,,,,,,,,,,,,,,,,,,,,,,,,,,,,,,,,,,,,,,,,,,,,,,,,,,,,,,,,,,,,,,,,,,,,,,,,,,,,,,,,,,,,,,,,,,,,,,,,,,,,,,,,,,,,,,,,,,,,,,,,,,,,,,,,,,,,,,,,,,,,,,,,,,,,,,,,,,,,,,,,,,,,,,,,,,,,,,,,,,,,,,,,,,,,,,,,,,,,,,,,,,,,,,,,,,,,,,,,,,,,,,,,,,,,,,,,,,,,,,,,,,,,,,,,,,,,,,,,,,,,,,,,,,,,,,,,,,,,,,,,,,,,,,,,,,,,,,,,,,,,,,,,,,,,,,,,,,,,,,,,,,,,,,,,,,,,,,,,,,,,,,,,,,,,,,,,,,,,,,,,,,,,,,,
si_drps.dbf,si_drps,ticker,varchar(6) not null,varchar(25) not null,bit not null,bit not null,bit not null,bit not null,bit not null,varchar(50) not null,bit not null,varchar(40) not null,varchar(20) not null,varchar(20) not null,bit not null,bit not null,bit not null,bit not null,bit not null,varchar(40) not null,,,,,,,,,,,,,,,,,,,,,,,,,,,,,,,,,,,,,,,,,,,,,,,,,,,,,,,,,,,,,,,,,,,,,,,,,,,,,,,,,,,,,,,,,,,,,,,,,,,,,,,,,,,,,,,,,,,,,,,,,,,,,,,,,,,,,,,,,,,,,,,,,,,,,,,,,,,,,,,,,,,,,,,,,,,,,,,,,,,,,,,,,,,,,,,,,,,,,,,,,,,,,,,,,,,,,,,,,,,,,,,,,,,,,,,,,,,,,,,,,,,,,,,,,,,,,,,,,,,,,,,,,,,,,,,,,,,,,,,,,,,,,,,,,,,,,,,,,,,,,,,,,,,,,,,,,,,,,,,,,,,,,,,,,,,,,,,,,,,,,,,,,,,,,,,,,,,,,,,,,,,,,,,,,,,,,,,,,,,,,,,,,,,,,,,,,,,,,,,,,,,,,,,,,,,,,,,,,,,,,,,,,,,,,,,,,,,,,,,,,,,,,,,,,,,,,,,,,,,,,,,,,,,,,,,,,,,,,,,,,,,,,,,
si_ee.dbf,si_ee,company_id,varchar(8) null,date null,date null,varchar(12) null,varchar(12) null,varchar(12) null,varchar(12) null,varchar(12) null,varchar(4) null,varchar(4) null,varchar(4) null,varchar(7) null,varchar(12) null,varchar(12) null,varchar(12) null,varchar(12) null,varchar(12) null,varchar(4) null,varchar(4) null,varchar(4) null,varchar(7) null,varchar(12) null,varchar(12) null,varchar(12) null,varchar(12) null,varchar(12) null,varchar(4) null,varchar(4) null,varchar(4) null,varchar(7) null,varchar(12) null,varchar(12) null,varchar(12) null,varchar(12) null,varchar(12) null,varchar(4) null,varchar(4) null,varchar(4) null,varchar(7) null,varchar(12) null,varchar(12) null,varchar(12) null,varchar(12) null,varchar(12) null,varchar(4) null,varchar(4) null,varchar(4) null,varchar(7) null,varchar(12) null,varchar(7) null,varchar(7) null,varchar(7) null,varchar(7) null,varchar(4) null,varchar(4) null,varchar(4) null,varchar(12) null,date null,varchar(12) null,varchar(12) null,varchar(7) null,varchar(8) null,varchar(7) null,varchar(7) null,varchar(7) null,varchar(7) null,varchar(12) null,varchar(12) null,varchar(12) null,varchar(12) null,varchar(12) null,date null,varchar(12) null,varchar(12) null,varchar(12) null,varchar(7) null,varchar(8) null,varchar(7) null,date null,date null,date null,,,,,,,,,,,,,,,,,,,,,,,,,,,,,,,,,,,,,,,,,,,,,,,,,,,,,,,,,,,,,,,,,,,,,,,,,,,,,,,,,,,,,,,,,,,,,,,,,,,,,,,,,,,,,,,,,,,,,,,,,,,,,,,,,,,,,,,,,,,,,,,,,,,,,,,,,,,,,,,,,,,,,,,,,,,,,,,,,,,,,,,,,,,,,,,,,,,,,,,,,,,,,,,,,,,,,,,,,,,,,,,,,,,,,,,,,,,,,,,,,,,,,,,,,,,,,,,,,,,,,,,,,,,,,,,,,,,,,,,,,,,,,,,,,,,,,,,,,,,,,,,,,,,,,,,,,,,,,,,,,,,,,,,,,,,,,,,,,,,,,,,,,,,,,,,,,,,,,,,,,,,,,,,,,,,,,,,,,,,,,,,,,,,,,,,,,,,,,,,,,,,,,,,,,,,,,,,,,,,,,,,,
SI_EXCHG.DBF,SI_EXCHG,exchg_code,varchar(1) not null,varchar(20) not null,,,,,,,,,,,,,,,,,,,,,,,,,,,,,,,,,,,,,,,,,,,,,,,,,,,,,,,,,,,,,,,,,,,,,,,,,,,,,,,,,,,,,,,,,,,,,,,,,,,,,,,,,,,,,,,,,,,,,,,,,,,,,,,,,,,,,,,,,,,,,,,,,,,,,,,,,,,,,,,,,,,,,,,,,,,,,,,,,,,,,,,,,,,,,,,,,,,,,,,,,,,,,,,,,,,,,,,,,,,,,,,,,,,,,,,,,,,,,,,,,,,,,,,,,,,,,,,,,,,,,,,,,,,,,,,,,,,,,,,,,,,,,,,,,,,,,,,,,,,,,,,,,,,,,,,,,,,,,,,,,,,,,,,,,,,,,,,,,,,,,,,,,,,,,,,,,,,,,,,,,,,,,,,,,,,,,,,,,,,,,,,,,,,,,,,,,,,,,,,,,,,,,,,,,,,,,,,,,,,,,,,,,,,,,,,,,,,,,,,,,,,,,,,,,,,,,,,,,,,,,,,,,,,,,,,,,,,,,,,,,,,,,,,,,,,,,,,,,,,,,,,
si_gr.dbf,si_gr,company_id,varchar(8) not null,varchar(6) null,varchar(6) null,varchar(6) null,varchar(6) null,varchar(6) null,varchar(6) null,varchar(6) null,varchar(6) null,varchar(6) null,varchar(6) null,varchar(6) null,varchar(6) null,varchar(6) null,varchar(6) null,varchar(6) null,varchar(6) null,varchar(6) null,varchar(6) null,varchar(6) null,varchar(6) null,varchar(6) null,varchar(6) null,varchar(6) null,varchar(6) null,varchar(6) null,varchar(6) null,varchar(6) null,varchar(6) null,varchar(6) null,varchar(6) null,varchar(6) null,varchar(6) null,varchar(6) null,varchar(6) null,varchar(6) null,varchar(6) null,varchar(6) null,varchar(6) null,varchar(6) null,varchar(6) null,varchar(6) null,varchar(6) null,varchar(6) null,varchar(6) null,varchar(6) null,varchar(6) null,varchar(6) null,varchar(6) null,varchar(6) null,varchar(6) null,varchar(6) null,varchar(6) null,varchar(6) null,varchar(6) null,varchar(6) null,varchar(6) null,varchar(6) null,varchar(6) null,varchar(6) null,varchar(6) null,varchar(6) null,varchar(6) null,varchar(6) null,varchar(6) null,varchar(6) null,varchar(6) null,varchar(6) null,varchar(6) null,varchar(6) null,varchar(6) null,varchar(6) null,varchar(6) null,varchar(6) null,varchar(6) null,varchar(6) null,varchar(6) null,varchar(6) null,varchar(6) null,varchar(6) null,varchar(6) null,varchar(6) null,varchar(6) null,varchar(6) null,varchar(6) null,varchar(6) null,varchar(6) null,varchar(6) null,varchar(6) null,varchar(6) null,varchar(6) null,varchar(6) null,varchar(6) null,varchar(6) null,varchar(6) null,varchar(6) null,varchar(6) null,varchar(6) null,varchar(6) null,varchar(6) null,varchar(6) null,varchar(6) null,varchar(6) null,varchar(6) null,varchar(6) null,varchar(6) null,varchar(6) null,varchar(6) null,varchar(6) null,varchar(6) null,varchar(6) null,varchar(1) null,varchar(1) null,varchar(5) not null,varchar(8) null,varchar(6) null,,,,,,,,,,,,,,,,,,,,,,,,,,,,,,,,,,,,,,,,,,,,,,,,,,,,,,,,,,,,,,,,,,,,,,,,,,,,,,,,,,,,,,,,,,,,,,,,,,,,,,,,,,,,,,,,,,,,,,,,,,,,,,,,,,,,,,,,,,,,,,,,,,,,,,,,,,,,,,,,,,,,,,,,,,,,,,,,,,,,,,,,,,,,,,,,,,,,,,,,,,,,,,,,,,,,,,,,,,,,,,,,,,,,,,,,,,,,,,,,,,,,,,,,,,,,,,,,,,,,,,,,,,,,,,,,,,,,,,,,,,,,,,,,,,,,,,,,,,,,,,,,,,,,,,,,,,,,,,,,,,,,,,,,,,,,,,,,,,,,,,,,,,,,,,,,,,,,,,,,,,,,,,,,,,,,,,,,,,,,,,,,,,,,,
si_isa.dbf,si_isa,company_id,varchar(8) not null,varchar(8) null,varchar(8) null,varchar(8) null,varchar(8) null,varchar(8) null,varchar(8) null,varchar(8) null,varchar(8) null,varchar(8) null,varchar(8) null,varchar(8) null,varchar(8) null,varchar(8) null,varchar(8) null,varchar(8) null,varchar(8) null,varchar(8) null,varchar(8) null,varchar(8) null,varchar(8) null,varchar(8) null,varchar(8) null,varchar(8) null,varchar(8) null,varchar(8) null,varchar(8) null,varchar(8) null,varchar(8) null,varchar(8) null,varchar(8) null,varchar(8) null,varchar(8) null,varchar(8) null,varchar(8) null,varchar(8) null,varchar(8) null,varchar(8) null,varchar(8) null,varchar(8) null,varchar(8) null,varchar(8) null,varchar(8) null,varchar(8) null,varchar(8) null,varchar(8) null,varchar(8) null,varchar(8) null,varchar(8) null,varchar(8) null,varchar(8) null,varchar(8) null,varchar(8) null,varchar(8) null,varchar(8) null,varchar(8) null,varchar(8) null,varchar(8) null,varchar(8) null,varchar(8) null,varchar(8) null,varchar(8) null,varchar(8) null,varchar(8) null,varchar(8) null,varchar(8) null,varchar(8) null,varchar(8) null,varchar(8) null,varchar(8) null,varchar(8) null,varchar(8) null,varchar(8) null,varchar(8) null,varchar(8) null,varchar(8) null,varchar(8) null,varchar(8) null,varchar(8) null,varchar(8) null,varchar(8) null,varchar(8) null,varchar(8) null,varchar(8) null,varchar(8) null,varchar(8) null,varchar(8) null,varchar(8) null,varchar(8) null,varchar(8) null,varchar(8) null,varchar(8) null,varchar(8) null,varchar(8) null,varchar(8) null,varchar(8) null,varchar(8) null,varchar(8) null,varchar(8) null,varchar(8) null,varchar(8) null,varchar(8) null,varchar(8) null,varchar(8) null,varchar(8) null,varchar(8) null,varchar(8) null,varchar(8) null,varchar(8) null,varchar(8) null,varchar(8) null,varchar(8) null,varchar(8) null,varchar(8) null,varchar(8) null,varchar(8) null,varchar(8) null,varchar(8) null,varchar(8) null,varchar(8) null,varchar(8) null,varchar(8) null,varchar(8) null,varchar(8) null,varchar(8) null,varchar(8) null,varchar(8) null,varchar(8) null,varchar(8) null,varchar(8) null,varchar(8) null,varchar(8) null,varchar(8) null,varchar(8) null,varchar(8) null,varchar(8) null,varchar(8) null,varchar(8) null,varchar(8) null,varchar(8) null,varchar(8) null,varchar(8) null,varchar(8) null,varchar(8) null,varchar(8) null,varchar(9) null,varchar(9) null,varchar(9) null,varchar(9) null,varchar(9) null,varchar(9) null,varchar(9) null,varchar(9) null,varchar(9) null,varchar(9) null,varchar(9) null,varchar(9) null,varchar(9) null,varchar(9) null,varchar(9) null,varchar(9) null,varchar(9) null,varchar(9) null,varchar(9) null,varchar(9) null,varchar(9) null,varchar(9) null,varchar(9) null,varchar(9) null,varchar(9) null,varchar(9) null,varchar(9) null,varchar(9) null,varchar(9) null,varchar(9) null,varchar(9) null,varchar(9) null,varchar(8) null,varchar(8) null,varchar(8) null,varchar(8) null,varchar(8) null,varchar(8) null,varchar(8) null,varchar(8) null,varchar(8) null,varchar(5) not null,date not null,varchar(8) null,varchar(8) null,varchar(8) null,varchar(8) null,varchar(8) null,varchar(8) null,varchar(8) null,varchar(8) null,varchar(8) null,varchar(9) null,varchar(9) null,varchar(9) null,varchar(9) null,varchar(8) null,varchar(8) null,varchar(8) null,varchar(8) null,varchar(9) null,varchar(9) null,varchar(9) null,bit null,varchar(8) null,varchar(8) null,varchar(8) null,varchar(8) null,varchar(8) null,varchar(8) null,varchar(8) null,varchar(8) null,varchar(10) null,varchar(10) null,varchar(10) null,varchar(10) null,varchar(10) null,varchar(10) null,varchar(10) null,varchar(10) null,varchar(8) null,varchar(8) null,varchar(8) null,varchar(8) null,varchar(8) null,varchar(8) null,varchar(8) null,varchar(8) null,varchar(9) null,varchar(9) null,varchar(9) null,varchar(9) null,varchar(9) null,varchar(9) null,varchar(9) null,varchar(9) null,varchar(9) null,varchar(9) null,varchar(9) null,varchar(9) null,,,,,,,,,,,,,,,,,,,,,,,,,,,,,,,,,,,,,,,,,,,,,,,,,,,,,,,,,,,,,,,,,,,,,,,,,,,,,,,,,,,,,,,,,,,,,,,,,,,,,,,,,,,,,,,,,,,,,,,,,,,,,,,,,,,,,,,,,,,,,,,,,,,,,,,,,,,,,,,,,,,,,,,,,,,,,,,,,,,,,,,,,,,,,,,,,,,,,,,,,,,,,,,,,,,,,,,,,,,,,,,,,,,,,,,,,,,,,,,,,,,,,,,,,,,,,,,,,,,,
si_isq.dbf,si_isq,company_id,varchar(8) not null,varchar(8) null,varchar(8) null,varchar(8) null,varchar(8) null,varchar(8) null,varchar(8) null,varchar(8) null,varchar(8) null,varchar(8) null,varchar(8) null,varchar(8) null,varchar(8) null,varchar(8) null,varchar(8) null,varchar(8) null,varchar(8) null,varchar(8) null,varchar(8) null,varchar(8) null,varchar(8) null,varchar(8) null,varchar(8) null,varchar(8) null,varchar(8) null,varchar(8) null,varchar(8) null,varchar(8) null,varchar(8) null,varchar(8) null,varchar(8) null,varchar(8) null,varchar(8) null,varchar(8) null,varchar(8) null,varchar(8) null,varchar(8) null,varchar(8) null,varchar(8) null,varchar(8) null,varchar(8) null,varchar(8) null,varchar(8) null,varchar(8) null,varchar(8) null,varchar(8) null,varchar(8) null,varchar(8) null,varchar(8) null,varchar(8) null,varchar(8) null,varchar(8) null,varchar(8) null,varchar(8) null,varchar(8) null,varchar(8) null,varchar(8) null,varchar(8) null,varchar(8) null,varchar(8) null,varchar(8) null,varchar(8) null,varchar(8) null,varchar(8) null,varchar(8) null,varchar(8) null,varchar(8) null,varchar(8) null,varchar(8) null,varchar(8) null,varchar(8) null,varchar(8) null,varchar(8) null,varchar(8) null,varchar(8) null,varchar(8) null,varchar(8) null,varchar(8) null,varchar(8) null,varchar(8) null,varchar(8) null,varchar(8) null,varchar(8) null,varchar(8) null,varchar(8) null,varchar(8) null,varchar(8) null,varchar(8) null,varchar(8) null,varchar(8) null,varchar(8) null,varchar(8) null,varchar(8) null,varchar(8) null,varchar(8) null,varchar(8) null,varchar(8) null,varchar(8) null,varchar(8) null,varchar(8) null,varchar(8) null,varchar(8) null,varchar(8) null,varchar(8) null,varchar(8) null,varchar(8) null,varchar(8) null,varchar(8) null,varchar(8) null,varchar(8) null,varchar(8) null,varchar(8) null,varchar(8) null,varchar(8) null,varchar(8) null,varchar(8) null,varchar(8) null,varchar(8) null,varchar(8) null,varchar(8) null,varchar(8) null,varchar(8) null,varchar(8) null,varchar(8) null,varchar(8) null,varchar(8) null,varchar(8) null,varchar(8) null,varchar(8) null,varchar(8) null,varchar(8) null,varchar(8) null,varchar(8) null,varchar(8) null,varchar(8) null,varchar(8) null,varchar(8) null,varchar(8) null,varchar(8) null,varchar(8) null,varchar(8) null,varchar(8) null,varchar(8) null,varchar(8) null,varchar(8) null,varchar(9) null,varchar(9) null,varchar(9) null,varchar(9) null,varchar(9) null,varchar(9) null,varchar(9) null,varchar(9) null,varchar(9) null,varchar(9) null,varchar(9) null,varchar(9) null,varchar(9) null,varchar(9) null,varchar(9) null,varchar(9) null,varchar(9) null,varchar(9) null,varchar(9) null,varchar(9) null,varchar(9) null,varchar(9) null,varchar(9) null,varchar(9) null,varchar(9) null,varchar(9) null,varchar(9) null,varchar(9) null,varchar(9) null,varchar(9) null,varchar(9) null,varchar(9) null,varchar(8) null,varchar(8) null,varchar(8) null,varchar(8) null,varchar(8) null,varchar(8) null,varchar(8) null,varchar(8) null,varchar(5) not null,date not null,bit null,varchar(10) null,date null,date null,varchar(8) null,varchar(8) null,varchar(8) null,varchar(8) null,varchar(8) null,varchar(8) null,varchar(8) null,varchar(8) null,varchar(10) null,varchar(10) null,varchar(10) null,varchar(10) null,varchar(10) null,varchar(10) null,varchar(10) null,varchar(10) null,varchar(8) null,varchar(8) null,varchar(8) null,varchar(8) null,varchar(8) null,varchar(8) null,varchar(8) null,varchar(8) null,varchar(9) null,varchar(9) null,varchar(9) null,varchar(9) null,varchar(9) null,varchar(9) null,varchar(9) null,varchar(9) null,varchar(9) null,varchar(9) null,,,,,,,,,,,,,,,,,,,,,,,,,,,,,,,,,,,,,,,,,,,,,,,,,,,,,,,,,,,,,,,,,,,,,,,,,,,,,,,,,,,,,,,,,,,,,,,,,,,,,,,,,,,,,,,,,,,,,,,,,,,,,,,,,,,,,,,,,,,,,,,,,,,,,,,,,,,,,,,,,,,,,,,,,,,,,,,,,,,,,,,,,,,,,,,,,,,,,,,,,,,,,,,,,,,,,,,,,,,,,,,,,,,,,,,,,,,,,,,,,,,,,,,,,,,,,,,,,,,,,,,,,,,,,,,,,,,,,,,,
si_mgav2.dbf,si_mgav2,indcode,varchar(4) null,decimal(5,1) null,decimal(5,1) null,decimal(5,1) null,decimal(5,1) null,decimal(5,1) null,decimal(5,1) null,decimal(5,1) null,decimal(5,1) null,decimal(5,1) null,decimal(5,1) null,decimal(5,1) null,decimal(5,1) null,decimal(5,1) null,decimal(5,1) null,decimal(5,1) null,decimal(6,1) null,decimal(6,1) null,decimal(6,1) null,decimal(6,1) null,decimal(6,1) null,decimal(6,1) null,decimal(5,1) null,decimal(6,2) null,decimal(6,2) null,decimal(6,2) null,decimal(6,2) null,decimal(6,2) null,decimal(7,2) null,decimal(7,2) null,decimal(7,2) null,decimal(7,2) null,decimal(7,2) null,decimal(5,1) null,decimal(5,1) null,decimal(5,1) null,decimal(5,1) null,decimal(5,1) null,decimal(5,1) null,decimal(5,1) null,decimal(5,1) null,decimal(5,1) null,decimal(5,1) null,decimal(5,1) null,decimal(5,1) null,decimal(5,1) null,decimal(5,1) null,decimal(5,1) null,decimal(5,1) null,decimal(5,1) null,decimal(5,1) null,decimal(6,1) null,decimal(6,1) null,decimal(6,1) null,decimal(6,1) null,decimal(6,1) null,decimal(6,1) null,decimal(6,1) null,decimal(6,1) null,decimal(6,1) null,decimal(6,1) null,decimal(6,1) null,decimal(6,1) null,decimal(6,1) null,decimal(6,1) null,decimal(6,1) null,decimal(6,1) null,decimal(6,1) null,decimal(6,1) null,decimal(6,1) null,decimal(6,1) null,decimal(6,1) null,decimal(6,1) null,decimal(6,1) null,decimal(6,1) null,decimal(6,1) null,decimal(6,1) null,decimal(6,1) null,decimal(6,1) null,decimal(6,1) null,decimal(6,1) null,decimal(6,1) null,decimal(6,1) null,decimal(6,1) null,decimal(6,1) null,decimal(6,1) null,decimal(6,1) null,decimal(6,1) null,decimal(6,1) null,decimal(6,1) null,decimal(6,1) null,decimal(8,1) null,decimal(8,1) null,decimal(8,1) null,decimal(8,1) null,decimal(8,1) null,decimal(8,1) null,decimal(8,1) null,decimal(8,1) null,decimal(6,1) null,decimal(6,1) null,decimal(6,1) null,decimal(6,1) null,decimal(6,1) null,decimal(6,1) null,decimal(6,1) null,decimal(6,1) null,decimal(6,1) null,decimal(6,1) null,decimal(6,1) null,decimal(6,1) null,decimal(6,1) null,decimal(6,1) null,decimal(6,1) null,decimal(6,1) null,decimal(6,1) null,decimal(6,1) null,decimal(6,1) null,decimal(6,1) null,decimal(6,1) null,decimal(6,1) null,decimal(6,1) null,decimal(6,1) null,decimal(6,1) null,decimal(8,1) null,decimal(8,1) null,decimal(8,1) null,decimal(8,1) null,decimal(8,1) null,decimal(8,1) null,decimal(8,1) null,decimal(8,1) null,decimal(6,1) null,decimal(6,1) null,decimal(6,1) null,decimal(6,1) null,decimal(6,1) null,decimal(6,1) null,decimal(6,1) null,decimal(6,1) null,decimal(6,1) null,decimal(6,1) null,decimal(6,1) null,decimal(6,1) null,decimal(6,1) null,decimal(6,1) null,decimal(6,1) null,decimal(6,1) null,decimal(6,1) null,decimal(6,1) null,decimal(6,1) null,decimal(6,1) null,decimal(6,1) null,decimal(6,1) null,decimal(6,1) null,decimal(6,1) null,decimal(6,1) null,decimal(6,1) null,decimal(6,1) null,decimal(6,1) null,decimal(6,1) null,decimal(6,1) null,decimal(6,1) null,decimal(6,1) null,decimal(6,1) null,decimal(6,1) null,decimal(6,1) null,decimal(6,1) null,decimal(6,1) null,decimal(6,1) null,decimal(6,1) null,decimal(6,1) null,decimal(6,1) null,decimal(6,1) null,decimal(6,1) null,decimal(6,1) null,decimal(6,1) null,decimal(6,1) null,decimal(6,1) null,decimal(6,1) null,decimal(6,1) null,decimal(6,1) null,decimal(6,1) null,decimal(6,1) null,decimal(6,1) null,decimal(6,1) null,decimal(6,1) null,decimal(6,1) null,decimal(6,1) null,decimal(6,1) null,decimal(6,1) null,decimal(6,1) null,decimal(6,1) null,decimal(6,1) null,decimal(6,1) null,decimal(6,1) null,decimal(6,1) null,decimal(6,1) null,decimal(6,1) null,decimal(6,1) null,decimal(6,1) null,decimal(6,1) null,decimal(6,1) null,decimal(6,1) null,decimal(6,1) null,decimal(8,1) null,decimal(6,1) null,decimal(10,0) null,decimal(10,0) null,decimal(7,2) null,decimal(7,2) null,decimal(7,2) null,decimal(7,2) null,decimal(6,2) null,decimal(8,1) null,decimal(10,3) null,decimal(9,0) null,decimal(5,1) null,decimal(5,1) null,decimal(5,1) null,decimal(5,1) null,decimal(5,1) null,decimal(5,1) null,decimal(6,1) null,decimal(6,1) null,decimal(6,1) null,decimal(6,1) null,decimal(6,1) null,decimal(6,1) null,decimal(6,1) null,decimal(6,1) null,decimal(6,1) null,decimal(6,1) null,decimal(6,1) null,decimal(6,1) null,decimal(6,1) null,decimal(6,1) null,decimal(6,1) null,decimal(6,1) null,decimal(6,1) null,decimal(6,1) null,decimal(6,1) null,decimal(6,1) null,decimal(6,1) null,decimal(6,1) null,decimal(6,1) null,decimal(6,1) null,decimal(6,1) null,decimal(6,1) null,decimal(6,1) null,decimal(6,1) null,decimal(6,1) null,decimal(6,1) null
si_mgavg.dbf,si_mgavg,indcode,varchar(4) null,decimal(5,1) null,decimal(5,1) null,decimal(5,1) null,decimal(5,1) null,decimal(5,1) null,decimal(5,1) null,decimal(5,1) null,decimal(5,1) null,decimal(5,1) null,decimal(5,1) null,decimal(5,1) null,decimal(5,1) null,decimal(5,1) null,decimal(5,1) null,decimal(5,1) null,decimal(6,1) null,decimal(6,1) null,decimal(6,1) null,decimal(6,1) null,decimal(6,1) null,decimal(6,1) null,decimal(5,1) null,decimal(6,2) null,decimal(6,2) null,decimal(6,2) null,decimal(6,2) null,decimal(6,2) null,decimal(7,2) null,decimal(7,2) null,decimal(7,2) null,decimal(7,2) null,decimal(7,2) null,decimal(5,1) null,decimal(5,1) null,decimal(5,1) null,decimal(5,1) null,decimal(5,1) null,decimal(5,1) null,decimal(5,1) null,decimal(5,1) null,decimal(5,1) null,decimal(5,1) null,decimal(5,1) null,decimal(5,1) null,decimal(5,1) null,decimal(5,1) null,decimal(5,1) null,decimal(5,1) null,decimal(5,1) null,decimal(5,1) null,decimal(6,1) null,decimal(6,1) null,decimal(6,1) null,decimal(6,1) null,decimal(6,1) null,decimal(6,1) null,decimal(6,1) null,decimal(6,1) null,decimal(6,1) null,decimal(6,1) null,decimal(6,1) null,decimal(6,1) null,decimal(6,1) null,decimal(6,1) null,decimal(6,1) null,decimal(6,1) null,decimal(6,1) null,decimal(6,1) null,decimal(6,1) null,decimal(6,1) null,decimal(6,1) null,decimal(6,1) null,decimal(6,1) null,decimal(6,1) null,decimal(6,1) null,decimal(6,1) null,decimal(6,1) null,decimal(6,1) null,decimal(6,1) null,decimal(6,1) null,decimal(6,1) null,decimal(6,1) null,decimal(6,1) null,decimal(6,1) null,decimal(6,1) null,decimal(6,1) null,decimal(6,1) null,decimal(6,1) null,decimal(6,1) null,decimal(6,1) null,decimal(8,1) null,decimal(8,1) null,decimal(8,1) null,decimal(8,1) null,decimal(8,1) null,decimal(8,1) null,decimal(8,1) null,decimal(8,1) null,decimal(6,1) null,decimal(6,1) null,decimal(6,1) null,decimal(6,1) null,decimal(6,1) null,decimal(6,1) null,decimal(6,1) null,decimal(6,1) null,decimal(6,1) null,decimal(6,1) null,decimal(6,1) null,decimal(6,1) null,decimal(6,1) null,decimal(6,1) null,decimal(6,1) null,decimal(6,1) null,decimal(6,1) null,decimal(6,1) null,decimal(6,1) null,decimal(6,1) null,decimal(6,1) null,decimal(6,1) null,decimal(6,1) null,decimal(6,1) null,decimal(6,1) null,decimal(8,1) null,decimal(8,1) null,decimal(8,1) null,decimal(8,1) null,decimal(8,1) null,decimal(8,1) null,decimal(8,1) null,decimal(8,1) null,decimal(6,1) null,decimal(6,1) null,decimal(6,1) null,decimal(6,1) null,decimal(6,1) null,decimal(6,1) null,decimal(6,1) null,decimal(6,1) null,decimal(6,1) null,decimal(6,1) null,decimal(6,1) null,decimal(6,1) null,decimal(6,1) null,decimal(6,1) null,decimal(6,1) null,decimal(6,1) null,decimal(6,1) null,decimal(6,1) null,decimal(6,1) null,decimal(6,1) null,decimal(6,1) null,decimal(6,1) null,decimal(6,1) null,decimal(6,1) null,decimal(6,1) null,decimal(6,1) null,decimal(6,1) null,decimal(6,1) null,decimal(6,1) null,decimal(6,1) null,decimal(6,1) null,decimal(6,1) null,decimal(6,1) null,decimal(6,1) null,decimal(6,1) null,decimal(6,1) null,decimal(6,1) null,decimal(6,1) null,decimal(6,1) null,decimal(6,1) null,decimal(6,1) null,decimal(6,1) null,decimal(6,1) null,decimal(6,1) null,decimal(6,1) null,decimal(6,1) null,decimal(6,1) null,decimal(6,1) null,decimal(6,1) null,decimal(6,1) null,decimal(6,1) null,decimal(6,1) null,decimal(6,1) null,decimal(6,1) null,decimal(6,1) null,decimal(6,1) null,decimal(6,1) null,decimal(6,1) null,decimal(6,1) null,decimal(6,1) null,decimal(6,1) null,decimal(6,1) null,decimal(6,1) null,decimal(6,1) null,decimal(6,1) null,decimal(6,1) null,decimal(6,1) null,decimal(6,1) null,decimal(6,1) null,decimal(6,1) null,decimal(6,1) null,decimal(6,1) null,decimal(6,1) null,decimal(8,1) null,decimal(6,1) null,decimal(10,0) null,decimal(10,0) null,decimal(7,2) null,decimal(7,2) null,decimal(7,2) null,decimal(7,2) null,decimal(6,2) null,decimal(8,1) null,decimal(10,3) null,decimal(9,0) null,decimal(5,1) null,decimal(5,1) null,decimal(5,1) null,decimal(5,1) null,decimal(5,1) null,decimal(5,1) null,decimal(6,1) null,decimal(6,1) null,decimal(6,1) null,decimal(6,1) null,decimal(6,1) null,decimal(6,1) null,decimal(6,1) null,decimal(6,1) null,decimal(6,1) null,decimal(6,1) null,decimal(6,1) null,decimal(6,1) null,decimal(6,1) null,decimal(6,1) null,decimal(6,1) null,decimal(6,1) null,decimal(6,1) null,decimal(6,1) null,decimal(6,1) null,decimal(6,1) null,decimal(6,1) null,decimal(6,1) null,decimal(6,1) null,decimal(6,1) null,decimal(6,1) null,decimal(6,1) null,decimal(6,1) null,decimal(6,1) null,decimal(6,1) null,decimal(6,1) null
SI_MGDSC.DBF,SI_MGDSC,mg_code,varchar(4) not null,varchar(40) not null,,,,,,,,,,,,,,,,,,,,,,,,,,,,,,,,,,,,,,,,,,,,,,,,,,,,,,,,,,,,,,,,,,,,,,,,,,,,,,,,,,,,,,,,,,,,,,,,,,,,,,,,,,,,,,,,,,,,,,,,,,,,,,,,,,,,,,,,,,,,,,,,,,,,,,,,,,,,,,,,,,,,,,,,,,,,,,,,,,,,,,,,,,,,,,,,,,,,,,,,,,,,,,,,,,,,,,,,,,,,,,,,,,,,,,,,,,,,,,,,,,,,,,,,,,,,,,,,,,,,,,,,,,,,,,,,,,,,,,,,,,,,,,,,,,,,,,,,,,,,,,,,,,,,,,,,,,,,,,,,,,,,,,,,,,,,,,,,,,,,,,,,,,,,,,,,,,,,,,,,,,,,,,,,,,,,,,,,,,,,,,,,,,,,,,,,,,,,,,,,,,,,,,,,,,,,,,,,,,,,,,,,,,,,,,,,,,,,,,,,,,,,,,,,,,,,,,,,,,,,,,,,,,,,,,,,,,,,,,,,,,,,,,,,,,,,,,,,,,,,,,,
si_mlt.dbf,si_mlt,company_id,varchar(8) null,varchar(5) null,varchar(5) null,varchar(5) null,varchar(5) null,varchar(5) null,varchar(5) null,varchar(5) null,varchar(5) null,varchar(5) null,varchar(5) null,varchar(5) null,varchar(5) null,varchar(5) null,varchar(5) null,varchar(5) null,varchar(5) null,varchar(5) null,varchar(5) null,varchar(5) null,varchar(5) null,varchar(5) null,varchar(6) null,varchar(6) null,varchar(6) null,varchar(6) null,varchar(6) null,varchar(6) null,varchar(6) null,varchar(6) null,varchar(6) null,varchar(6) null,varchar(6) null,varchar(6) null,varchar(6) null,varchar(6) null,varchar(6) null,varchar(6) null,varchar(6) null,varchar(6) null,varchar(6) null,varchar(6) null,varchar(6) null,varchar(6) null,varchar(6) null,varchar(6) null,varchar(5) null,varchar(5) null,varchar(5) null,varchar(5) null,varchar(5) null,varchar(5) null,varchar(5) null,varchar(5) null,varchar(5) null,varchar(5) null,varchar(5) null,varchar(5) null,varchar(5) null,varchar(5) null,varchar(5) null,varchar(5) null,varchar(5) null,varchar(5) null,varchar(5) null,varchar(5) null,varchar(5) null,varchar(5) null,varchar(5) null,varchar(5) null,varchar(5) null,varchar(5) null,varchar(5) null,varchar(5) null,varchar(5) null,varchar(5) null,varchar(5) null,varchar(5) null,varchar(5) null,varchar(5) null,varchar(5) null,varchar(5) null,varchar(5) null,varchar(5) null,varchar(5) null,varchar(5) null,varchar(6) null,varchar(6) null,varchar(5) null,varchar(5) null,varchar(8) null,varchar(7) null,varchar(8) null,varchar(8) null,varchar(8) null,varchar(8) null,varchar(8) null,varchar(8) null,varchar(8) null,varchar(8) null,varchar(8) null,varchar(8) null,varchar(8) null,varchar(8) null,varchar(8) null,varchar(8) null,varchar(8) null,varchar(8) null,varchar(8) null,varchar(8) null,varchar(6) null,varchar(5) not null,varchar(6) null,varchar(6) null,varchar(6) null,varchar(6) null,varchar(6) null,varchar(6) null,varchar(6) null,varchar(6) null,varchar(6) null,varchar(6) null,varchar(6) null,varchar(6) null,varchar(6) null,varchar(6) null,varchar(6) null,varchar(6) null,varchar(6) null,varchar(6) null,varchar(6) null,varchar(6) null,varchar(6) null,varchar(6) null,varchar(6) null,varchar(6) null,varchar(6) null,varchar(6) null,varchar(6) null,varchar(6) null,varchar(6) null,varchar(6) null,varchar(6) null,varchar(6) null,varchar(6) null,varchar(6) null,varchar(6) null,varchar(6) null,varchar(8) null,,,,,,,,,,,,,,,,,,,,,,,,,,,,,,,,,,,,,,,,,,,,,,,,,,,,,,,,,,,,,,,,,,,,,,,,,,,,,,,,,,,,,,,,,,,,,,,,,,,,,,,,,,,,,,,,,,,,,,,,,,,,,,,,,,,,,,,,,,,,,,,,,,,,,,,,,,,,,,,,,,,,,,,,,,,,,,,,,,,,,,,,,,,,,,,,,,,,,,,,,,,,,,,,,,,,,,,,,,,,,,,,,,,,,,,,,,,,,,,,,,,,,,,,,,,,,,,,,,,,,,,,,,,,,,,,,,,,,,,,,,,,,,,,,,,,,,,,,,,,,,,,,,,,,,,,,,,,,,,,,,,,,,,,,,,,,,,,,,,,,,,,,,,,,,,,,,,,
si_perc.dbf,si_perc,company_id,varchar(8) null,varchar(3) null,varchar(3) null,varchar(3) null,varchar(3) null,varchar(3) null,varchar(3) null,varchar(3) null,varchar(3) null,varchar(3) null,varchar(3) null,varchar(3) null,varchar(3) null,varchar(3) null,varchar(3) null,varchar(3) null,varchar(3) null,varchar(3) null,varchar(3) null,varchar(3) null,varchar(3) null,varchar(3) null,varchar(3) null,varchar(3) null,varchar(3) null,varchar(3) null,varchar(3) null,varchar(3) null,varchar(3) null,varchar(3) null,varchar(3) null,varchar(3) null,varchar(3) null,varchar(3) null,varchar(3) null,varchar(3) null,varchar(3) null,varchar(3) null,varchar(3) null,varchar(3) null,varchar(3) null,varchar(3) null,varchar(3) null,varchar(3) null,varchar(3) null,varchar(3) null,varchar(3) null,varchar(3) null,varchar(3) null,varchar(3) null,varchar(3) null,varchar(3) null,varchar(3) null,varchar(3) null,varchar(3) null,varchar(3) null,varchar(3) null,varchar(3) null,varchar(3) null,varchar(3) null,varchar(3) null,varchar(3) null,varchar(3) null,varchar(3) null,varchar(3) null,varchar(3) null,varchar(3) null,varchar(3) null,varchar(3) null,varchar(3) null,varchar(3) null,varchar(3) null,varchar(3) null,varchar(3) null,varchar(3) null,varchar(3) null,varchar(3) null,varchar(3) null,varchar(3) null,varchar(3) null,varchar(3) null,varchar(3) null,varchar(3) null,varchar(3) null,varchar(3) null,varchar(3) null,varchar(3) null,varchar(3) null,varchar(3) null,varchar(3) null,varchar(3) null,varchar(3) null,varchar(3) null,varchar(3) null,varchar(3) null,varchar(3) null,varchar(3) null,varchar(3) null,varchar(3) null,varchar(3) null,varchar(3) null,varchar(3) null,varchar(3) null,varchar(3) null,varchar(3) null,varchar(3) null,varchar(3) null,varchar(3) null,varchar(3) null,varchar(3) null,varchar(3) null,varchar(3) null,varchar(3) null,varchar(3) null,varchar(3) null,varchar(3) null,varchar(3) null,varchar(3) null,varchar(3) null,varchar(3) null,varchar(3) null,varchar(3) null,varchar(3) null,varchar(3) null,varchar(3) null,varchar(3) null,varchar(3) null,varchar(3) null,varchar(3) null,varchar(3) null,varchar(3) null,varchar(3) null,varchar(3) null,varchar(3) null,varchar(3) null,varchar(3) null,varchar(3) null,varchar(3) null,varchar(3) null,varchar(3) null,varchar(3) null,varchar(3) null,varchar(3) null,varchar(3) null,varchar(3) null,varchar(3) null,varchar(3) null,varchar(3) null,varchar(3) null,varchar(3) null,varchar(3) null,varchar(3) null,varchar(3) null,varchar(3) null,varchar(3) null,varchar(3) null,varchar(3) null,varchar(3) null,varchar(3) null,varchar(3) null,varchar(3) null,varchar(3) null,varchar(3) null,varchar(3) null,varchar(3) null,varchar(3) null,varchar(3) null,varchar(3) null,varchar(3) null,varchar(3) null,varchar(3) null,varchar(3) null,varchar(3) null,varchar(3) null,varchar(3) null,varchar(3) null,varchar(3) null,varchar(3) null,varchar(3) null,varchar(3) null,varchar(3) null,varchar(3) null,varchar(3) null,varchar(3) null,varchar(3) null,varchar(3) null,varchar(3) null,varchar(3) null,varchar(3) null,varchar(3) null,varchar(3) null,varchar(3) null,varchar(3) null,varchar(3) null,varchar(3) null,varchar(3) null,varchar(3) null,varchar(3) null,varchar(3) null,varchar(3) null,varchar(3) null,varchar(3) null,varchar(3) null,varchar(3) null,varchar(3) null,varchar(3) null,varchar(3) null,varchar(3) null,varchar(3) null,varchar(3) null,varchar(3) null,varchar(3) null,varchar(3) null,varchar(3) null,varchar(3) null,,,,,,,,,,,,,,,,,,,,,,,,,,,,,,,,,,,,,,,,,,,,,,,,,,,,,,,,,,,,,,,,,,,,,,,,,,,,,,,,,,,,,,,,,,,,,,,,,,,,,,,,,,,,,,,,,,,,,,,,,,,,,,,,,,,,,,,,,,,,,,,,,,,,,,,,,,,,,,,,,,,,,,,,,,,,,,,,,,,,,,,,,,,,,,,,,,,,,,,,,,,,,,,,,,,,,,,,,,,,,,,,,,,,,,,,,,,,,,,,,,,,,,,,,,,,,,,,,,,,,,,,,,,,,,,,,,,,,,,,,,,,,,,,,,
si_psd.dbf,si_psd,company_id,varchar(8) not null,date null,varchar(11) null,date null,varchar(14) null,varchar(14) null,varchar(14) null,varchar(5) null,varchar(9) null,varchar(9) null,varchar(9) null,varchar(9) null,varchar(8) null,varchar(8) null,varchar(8) null,varchar(8) null,varchar(5) null,varchar(8) null,varchar(8) null,varchar(8) null,varchar(8) null,varchar(8) null,varchar(8) null,varchar(8) null,varchar(8) null,varchar(8) null,varchar(8) null,varchar(8) null,varchar(8) null,varchar(8) null,varchar(8) null,varchar(8) null,varchar(10) null,varchar(10) null,varchar(10) null,varchar(5) null,varchar(9) null,varchar(10) null,varchar(10) null,varchar(5) null,varchar(10) null,varchar(9) null,varchar(10) null,varchar(9) null,varchar(10) null,varchar(6) null,varchar(8) null,varchar(7) null,varchar(7) null,varchar(7) null,varchar(10) null,varchar(6) null,varchar(7) null,varchar(10) null,varchar(8) null,varchar(10) null,varchar(5) not null,date not null,bit not null,varchar(8) null,varchar(8) null,varchar(8) null,varchar(8) null,varchar(8) null,varchar(8) null,varchar(8) null,varchar(8) null,varchar(8) null,varchar(8) null,varchar(8) null,varchar(8) null,varchar(8) null,varchar(8) null,varchar(8) null,varchar(8) null,varchar(8) null,varchar(8) null,varchar(8) null,varchar(8) null,varchar(8) null,varchar(8) null,varchar(8) null,varchar(8) null,varchar(8) null,varchar(8) null,varchar(8) null,varchar(8) null,varchar(8) null,varchar(8) null,varchar(8) null,varchar(8) null,varchar(8) null,varchar(8) null,varchar(8) null,varchar(8) null,,,,,,,,,,,,,,,,,,,,,,,,,,,,,,,,,,,,,,,,,,,,,,,,,,,,,,,,,,,,,,,,,,,,,,,,,,,,,,,,,,,,,,,,,,,,,,,,,,,,,,,,,,,,,,,,,,,,,,,,,,,,,,,,,,,,,,,,,,,,,,,,,,,,,,,,,,,,,,,,,,,,,,,,,,,,,,,,,,,,,,,,,,,,,,,,,,,,,,,,,,,,,,,,,,,,,,,,,,,,,,,,,,,,,,,,,,,,,,,,,,,,,,,,,,,,,,,,,,,,,,,,,,,,,,,,,,,,,,,,,,,,,,,,,,,,,,,,,,,,,,,,,,,,,,,,,,,,,,,,,,,,,,,,,,,,,,,,,,,,,,,,,,,,,,,,,,,,,,,,,,,,,,,,,,,,,,,,,,,,,,,,,,,,,,,,,,,,,,,,,,,,,,,,,,
si_psda.dbf,si_psda,company_id,varchar(8) not null,varchar(14) null,varchar(14) null,varchar(14) null,varchar(14) null,varchar(14) null,varchar(14) null,varchar(14) null,varchar(14) null,varchar(14) null,varchar(14) null,varchar(14) null,varchar(14) null,varchar(14) null,varchar(14) null,varchar(14) null,varchar(14) null,varchar(14) null,varchar(14) null,varchar(14) null,varchar(14) null,varchar(14) null,varchar(13) null,varchar(13) null,varchar(13) null,varchar(13) null,varchar(13) null,varchar(13) null,varchar(13) null,,,,,,,,,,,,,,,,,,,,,,,,,,,,,,,,,,,,,,,,,,,,,,,,,,,,,,,,,,,,,,,,,,,,,,,,,,,,,,,,,,,,,,,,,,,,,,,,,,,,,,,,,,,,,,,,,,,,,,,,,,,,,,,,,,,,,,,,,,,,,,,,,,,,,,,,,,,,,,,,,,,,,,,,,,,,,,,,,,,,,,,,,,,,,,,,,,,,,,,,,,,,,,,,,,,,,,,,,,,,,,,,,,,,,,,,,,,,,,,,,,,,,,,,,,,,,,,,,,,,,,,,,,,,,,,,,,,,,,,,,,,,,,,,,,,,,,,,,,,,,,,,,,,,,,,,,,,,,,,,,,,,,,,,,,,,,,,,,,,,,,,,,,,,,,,,,,,,,,,,,,,,,,,,,,,,,,,,,,,,,,,,,,,,,,,,,,,,,,,,,,,,,,,,,,,,,,,,,,,,,,,,,,,,,,,,,,,,,,,,,,,,,,,,,,,,,,,,,,,,,,,,,,,,,,,,,,,,
si_psdc.dbf,si_psdc,company_id,varchar(8) not null,varchar(14) null,varchar(14) null,varchar(14) null,varchar(14) null,varchar(14) null,varchar(14) null,varchar(14) null,varchar(14) null,varchar(14) null,varchar(14) null,varchar(14) null,varchar(14) null,varchar(14) null,varchar(14) null,varchar(14) null,varchar(14) null,varchar(14) null,varchar(14) null,varchar(14) null,varchar(14) null,varchar(14) null,varchar(14) null,varchar(14) null,varchar(14) null,varchar(14) null,varchar(14) null,varchar(14) null,varchar(14) null,varchar(14) null,varchar(14) null,varchar(14) null,varchar(14) null,varchar(14) null,varchar(14) null,varchar(14) null,varchar(14) null,varchar(14) null,varchar(14) null,varchar(14) null,varchar(14) null,varchar(14) null,varchar(14) null,varchar(14) null,varchar(14) null,varchar(14) null,varchar(14) null,varchar(14) null,varchar(14) null,varchar(14) null,varchar(14) null,varchar(14) null,varchar(14) null,varchar(14) null,varchar(14) null,varchar(14) null,varchar(14) null,varchar(14) null,varchar(14) null,varchar(14) null,varchar(14) null,varchar(14) null,varchar(14) null,varchar(14) null,varchar(14) null,varchar(14) null,varchar(14) null,varchar(14) null,varchar(14) null,varchar(14) null,varchar(14) null,varchar(14) null,varchar(14) null,varchar(14) null,varchar(14) null,varchar(14) null,varchar(14) null,varchar(14) null,varchar(14) null,varchar(14) null,varchar(14) null,varchar(14) null,varchar(14) null,varchar(14) null,varchar(14) null,varchar(14) null,varchar(14) null,varchar(14) null,varchar(14) null,varchar(14) null,varchar(14) null,varchar(14) null,varchar(14) null,varchar(14) null,varchar(14) null,varchar(14) null,varchar(14) null,varchar(14) null,varchar(14) null,varchar(14) null,varchar(14) null,varchar(14) null,varchar(14) null,varchar(14) null,varchar(14) null,varchar(14) null,varchar(14) null,varchar(14) null,varchar(14) null,varchar(14) null,varchar(14) null,varchar(14) null,varchar(14) null,varchar(14) null,varchar(14) null,varchar(14) null,varchar(14) null,varchar(14) null,varchar(14) null,varchar(14) null,varchar(14) null,,,,,,,,,,,,,,,,,,,,,,,,,,,,,,,,,,,,,,,,,,,,,,,,,,,,,,,,,,,,,,,,,,,,,,,,,,,,,,,,,,,,,,,,,,,,,,,,,,,,,,,,,,,,,,,,,,,,,,,,,,,,,,,,,,,,,,,,,,,,,,,,,,,,,,,,,,,,,,,,,,,,,,,,,,,,,,,,,,,,,,,,,,,,,,,,,,,,,,,,,,,,,,,,,,,,,,,,,,,,,,,,,,,,,,,,,,,,,,,,,,,,,,,,,,,,,,,,,,,,,,,,,,,,,,,,,,,,,,,,,,,,,,,,,,,,,,,,,,,,,,,,,,,,,,,,,,,,,,,,,,,,,,,,,,,,,,,,,,,,,,,,,,,,,,,,,,,,,,,,,,,,,,,,,,,,,,,,,,,,,,,,
si_psdd.dbf,si_psdd,company_id,varchar(8) not null,date null,date null,date null,date null,date null,date null,date null,date null,date null,date null,date null,date null,date null,date null,date null,date null,date null,date null,date null,date null,date null,date null,date null,date null,date null,date null,date null,date null,date null,date null,date null,date null,date null,date null,date null,date null,date null,date null,date null,date null,date null,date null,date null,date null,date null,date null,date null,date null,date null,date null,date null,date null,date null,date null,date null,date null,date null,date null,date null,date null,date null,date null,date null,date null,date null,date null,date null,date null,date null,date null,date null,date null,date null,date null,date null,date null,date null,date null,date null,date null,date null,date null,date null,date null,date null,date null,date null,date null,date null,date null,date null,date null,date null,date null,date null,date null,date null,date null,date null,date null,date null,date null,date null,date null,date null,date null,date null,date null,date null,date null,date null,date null,date null,date null,date null,date null,date null,date null,date null,date null,date null,date null,date null,date null,date null,date null,date null,,,,,,,,,,,,,,,,,,,,,,,,,,,,,,,,,,,,,,,,,,,,,,,,,,,,,,,,,,,,,,,,,,,,,,,,,,,,,,,,,,,,,,,,,,,,,,,,,,,,,,,,,,,,,,,,,,,,,,,,,,,,,,,,,,,,,,,,,,,,,,,,,,,,,,,,,,,,,,,,,,,,,,,,,,,,,,,,,,,,,,,,,,,,,,,,,,,,,,,,,,,,,,,,,,,,,,,,,,,,,,,,,,,,,,,,,,,,,,,,,,,,,,,,,,,,,,,,,,,,,,,,,,,,,,,,,,,,,,,,,,,,,,,,,,,,,,,,,,,,,,,,,,,,,,,,,,,,,,,,,,,,,,,,,,,,,,,,,,,,,,,,,,,,,,,,,,,,,,,,,,,,,,,,,,,,,,,,,
si_psdh.dbf,si_psdh,company_id,varchar(8) not null,varchar(14) null,varchar(14) null,varchar(14) null,varchar(14) null,varchar(14) null,varchar(14) null,varchar(14) null,varchar(14) null,varchar(14) null,varchar(14) null,varchar(14) null,varchar(14) null,varchar(14) null,varchar(14) null,varchar(14) null,varchar(14) null,varchar(14) null,varchar(14) null,varchar(14) null,varchar(14) null,varchar(14) null,varchar(14) null,varchar(14) null,varchar(14) null,varchar(14) null,varchar(14) null,varchar(14) null,varchar(14) null,varchar(14) null,varchar(14) null,varchar(14) null,varchar(14) null,varchar(14) null,varchar(14) null,varchar(14) null,varchar(14) null,varchar(14) null,varchar(14) null,varchar(14) null,varchar(14) null,varchar(14) null,varchar(14) null,varchar(14) null,varchar(14) null,varchar(14) null,varchar(14) null,varchar(14) null,varchar(14) null,varchar(14) null,varchar(14) null,varchar(14) null,varchar(14) null,varchar(14) null,varchar(14) null,varchar(14) null,varchar(14) null,varchar(14) null,varchar(14) null,varchar(14) null,varchar(14) null,varchar(14) null,varchar(14) null,varchar(14) null,varchar(14) null,varchar(14) null,varchar(14) null,varchar(14) null,varchar(14) null,varchar(14) null,varchar(14) null,varchar(14) null,varchar(14) null,varchar(14) null,varchar(14) null,varchar(14) null,varchar(14) null,varchar(14) null,varchar(14) null,varchar(14) null,varchar(14) null,varchar(14) null,varchar(14) null,varchar(14) null,varchar(14) null,varchar(14) null,varchar(14) null,varchar(14) null,varchar(14) null,varchar(14) null,varchar(14) null,varchar(14) null,varchar(14) null,varchar(14) null,varchar(14) null,varchar(14) null,varchar(14) null,varchar(14) null,varchar(14) null,varchar(14) null,varchar(14) null,varchar(14) null,varchar(14) null,varchar(14) null,varchar(14) null,varchar(14) null,varchar(14) null,varchar(14) null,varchar(14) null,varchar(14) null,varchar(14) null,varchar(14) null,varchar(14) null,varchar(14) null,varchar(14) null,varchar(14) null,varchar(14) null,varchar(14) null,varchar(14) null,varchar(14) null,varchar(14) null,,,,,,,,,,,,,,,,,,,,,,,,,,,,,,,,,,,,,,,,,,,,,,,,,,,,,,,,,,,,,,,,,,,,,,,,,,,,,,,,,,,,,,,,,,,,,,,,,,,,,,,,,,,,,,,,,,,,,,,,,,,,,,,,,,,,,,,,,,,,,,,,,,,,,,,,,,,,,,,,,,,,,,,,,,,,,,,,,,,,,,,,,,,,,,,,,,,,,,,,,,,,,,,,,,,,,,,,,,,,,,,,,,,,,,,,,,,,,,,,,,,,,,,,,,,,,,,,,,,,,,,,,,,,,,,,,,,,,,,,,,,,,,,,,,,,,,,,,,,,,,,,,,,,,,,,,,,,,,,,,,,,,,,,,,,,,,,,,,,,,,,,,,,,,,,,,,,,,,,,,,,,,,,,,,,,,,,,,,,,,,,,
si_psdl.dbf,si_psdl,company_id,varchar(8) not null,varchar(14) null,varchar(14) null,varchar(14) null,varchar(14) null,varchar(14) null,varchar(14) null,varchar(14) null,varchar(14) null,varchar(14) null,varchar(14) null,varchar(14) null,varchar(14) null,varchar(14) null,varchar(14) null,varchar(14) null,varchar(14) null,varchar(14) null,varchar(14) null,varchar(14) null,varchar(14) null,varchar(14) null,varchar(14) null,varchar(14) null,varchar(14) null,varchar(14) null,varchar(14) null,varchar(14) null,varchar(14) null,varchar(14) null,varchar(14) null,varchar(14) null,varchar(14) null,varchar(14) null,varchar(14) null,varchar(14) null,varchar(14) null,varchar(14) null,varchar(14) null,varchar(14) null,varchar(14) null,varchar(14) null,varchar(14) null,varchar(14) null,varchar(14) null,varchar(14) null,varchar(14) null,varchar(14) null,varchar(14) null,varchar(14) null,varchar(14) null,varchar(14) null,varchar(14) null,varchar(14) null,varchar(14) null,varchar(14) null,varchar(14) null,varchar(14) null,varchar(14) null,varchar(14) null,varchar(14) null,varchar(14) null,varchar(14) null,varchar(14) null,varchar(14) null,varchar(14) null,varchar(14) null,varchar(14) null,varchar(14) null,varchar(14) null,varchar(14) null,varchar(14) null,varchar(14) null,varchar(14) null,varchar(14) null,varchar(14) null,varchar(14) null,varchar(14) null,varchar(14) null,varchar(14) null,varchar(14) null,varchar(14) null,varchar(14) null,varchar(14) null,varchar(14) null,varchar(14) null,varchar(14) null,varchar(14) null,varchar(14) null,varchar(14) null,varchar(14) null,varchar(14) null,varchar(14) null,varchar(14) null,varchar(14) null,varchar(14) null,varchar(14) null,varchar(14) null,varchar(14) null,varchar(14) null,varchar(14) null,varchar(14) null,varchar(14) null,varchar(14) null,varchar(14) null,varchar(14) null,varchar(14) null,varchar(14) null,varchar(14) null,varchar(14) null,varchar(14) null,varchar(14) null,varchar(14) null,varchar(14) null,varchar(14) null,varchar(14) null,varchar(14) null,varchar(14) null,varchar(14) null,varchar(14) null,varchar(14) null,,,,,,,,,,,,,,,,,,,,,,,,,,,,,,,,,,,,,,,,,,,,,,,,,,,,,,,,,,,,,,,,,,,,,,,,,,,,,,,,,,,,,,,,,,,,,,,,,,,,,,,,,,,,,,,,,,,,,,,,,,,,,,,,,,,,,,,,,,,,,,,,,,,,,,,,,,,,,,,,,,,,,,,,,,,,,,,,,,,,,,,,,,,,,,,,,,,,,,,,,,,,,,,,,,,,,,,,,,,,,,,,,,,,,,,,,,,,,,,,,,,,,,,,,,,,,,,,,,,,,,,,,,,,,,,,,,,,,,,,,,,,,,,,,,,,,,,,,,,,,,,,,,,,,,,,,,,,,,,,,,,,,,,,,,,,,,,,,,,,,,,,,,,,,,,,,,,,,,,,,,,,,,,,,,,,,,,,,,,,,,,,
si_psdv.dbf,si_psdv,company_id,varchar(8) not null,varchar(13) null,varchar(13) null,varchar(13) null,varchar(13) null,varchar(13) null,varchar(13) null,varchar(13) null,varchar(13) null,varchar(13) null,varchar(13) null,varchar(13) null,varchar(13) null,varchar(13) null,varchar(13) null,varchar(13) null,varchar(13) null,varchar(13) null,varchar(13) null,varchar(13) null,varchar(13) null,varchar(13) null,varchar(13) null,varchar(13) null,varchar(13) null,varchar(13) null,varchar(13) null,varchar(13) null,varchar(13) null,varchar(13) null,varchar(13) null,varchar(13) null,varchar(13) null,varchar(13) null,varchar(13) null,varchar(13) null,varchar(13) null,varchar(13) null,varchar(13) null,varchar(13) null,varchar(13) null,varchar(13) null,varchar(13) null,varchar(13) null,varchar(13) null,varchar(13) null,varchar(13) null,varchar(13) null,varchar(13) null,varchar(13) null,varchar(13) null,varchar(13) null,varchar(13) null,varchar(13) null,varchar(13) null,varchar(13) null,varchar(13) null,varchar(13) null,varchar(13) null,varchar(13) null,varchar(13) null,varchar(13) null,varchar(13) null,varchar(13) null,varchar(13) null,varchar(13) null,varchar(13) null,varchar(13) null,varchar(13) null,varchar(13) null,varchar(13) null,varchar(13) null,varchar(13) null,varchar(13) null,varchar(13) null,varchar(13) null,varchar(13) null,varchar(13) null,varchar(13) null,varchar(13) null,varchar(13) null,varchar(13) null,varchar(13) null,varchar(13) null,varchar(13) null,varchar(13) null,varchar(13) null,varchar(13) null,varchar(13) null,varchar(13) null,varchar(13) null,varchar(13) null,varchar(13) null,varchar(13) null,varchar(13) null,varchar(13) null,varchar(13) null,varchar(13) null,varchar(13) null,varchar(13) null,varchar(13) null,varchar(13) null,varchar(13) null,varchar(13) null,varchar(13) null,varchar(13) null,varchar(13) null,varchar(13) null,varchar(13) null,varchar(13) null,varchar(13) null,varchar(13) null,varchar(13) null,varchar(13) null,varchar(13) null,varchar(13) null,varchar(13) null,varchar(13) null,varchar(13) null,varchar(13) null,varchar(13) null,,,,,,,,,,,,,,,,,,,,,,,,,,,,,,,,,,,,,,,,,,,,,,,,,,,,,,,,,,,,,,,,,,,,,,,,,,,,,,,,,,,,,,,,,,,,,,,,,,,,,,,,,,,,,,,,,,,,,,,,,,,,,,,,,,,,,,,,,,,,,,,,,,,,,,,,,,,,,,,,,,,,,,,,,,,,,,,,,,,,,,,,,,,,,,,,,,,,,,,,,,,,,,,,,,,,,,,,,,,,,,,,,,,,,,,,,,,,,,,,,,,,,,,,,,,,,,,,,,,,,,,,,,,,,,,,,,,,,,,,,,,,,,,,,,,,,,,,,,,,,,,,,,,,,,,,,,,,,,,,,,,,,,,,,,,,,,,,,,,,,,,,,,,,,,,,,,,,,,,,,,,,,,,,,,,,,,,,,,,,,,,,
si_ptyp.dbf,si_ptyp,type_code,varchar(1) not null,varchar(6) not null,,,,,,,,,,,,,,,,,,,,,,,,,,,,,,,,,,,,,,,,,,,,,,,,,,,,,,,,,,,,,,,,,,,,,,,,,,,,,,,,,,,,,,,,,,,,,,,,,,,,,,,,,,,,,,,,,,,,,,,,,,,,,,,,,,,,,,,,,,,,,,,,,,,,,,,,,,,,,,,,,,,,,,,,,,,,,,,,,,,,,,,,,,,,,,,,,,,,,,,,,,,,,,,,,,,,,,,,,,,,,,,,,,,,,,,,,,,,,,,,,,,,,,,,,,,,,,,,,,,,,,,,,,,,,,,,,,,,,,,,,,,,,,,,,,,,,,,,,,,,,,,,,,,,,,,,,,,,,,,,,,,,,,,,,,,,,,,,,,,,,,,,,,,,,,,,,,,,,,,,,,,,,,,,,,,,,,,,,,,,,,,,,,,,,,,,,,,,,,,,,,,,,,,,,,,,,,,,,,,,,,,,,,,,,,,,,,,,,,,,,,,,,,,,,,,,,,,,,,,,,,,,,,,,,,,,,,,,,,,,,,,,,,,,,,,,,,,,,,,,,,,
si_rat.dbf,si_rat,company_id,varchar(8) null,varchar(6) null,varchar(6) null,varchar(6) null,varchar(6) null,varchar(6) null,varchar(6) null,varchar(6) null,varchar(6) null,varchar(6) null,varchar(6) null,varchar(6) null,varchar(6) null,varchar(6) null,varchar(6) null,varchar(6) null,varchar(6) null,varchar(6) null,varchar(6) null,varchar(6) null,varchar(6) null,varchar(6) null,varchar(6) null,varchar(6) null,varchar(6) null,varchar(6) null,varchar(6) null,varchar(6) null,varchar(6) null,varchar(6) null,varchar(6) null,varchar(6) null,varchar(6) null,varchar(6) null,varchar(6) null,varchar(6) null,varchar(6) null,varchar(6) null,varchar(6) null,varchar(6) null,varchar(6) null,varchar(6) null,varchar(6) null,varchar(6) null,varchar(6) null,varchar(6) null,varchar(6) null,varchar(6) null,varchar(6) null,varchar(6) null,varchar(6) null,varchar(6) null,varchar(6) null,varchar(6) null,varchar(6) null,varchar(6) null,varchar(6) null,varchar(6) null,varchar(6) null,varchar(6) null,varchar(6) null,varchar(6) null,varchar(6) null,varchar(6) null,varchar(6) null,varchar(6) null,varchar(6) null,varchar(6) null,varchar(6) null,varchar(6) null,varchar(6) null,varchar(6) null,varchar(6) null,varchar(6) null,varchar(6) null,varchar(6) null,varchar(6) null,varchar(6) null,varchar(6) null,varchar(6) null,varchar(6) null,varchar(6) null,varchar(6) null,varchar(6) null,varchar(6) null,varchar(6) null,varchar(6) null,varchar(6) null,varchar(6) null,varchar(6) null,varchar(6) null,varchar(6) null,varchar(6) null,varchar(6) null,varchar(6) null,varchar(6) null,varchar(6) null,varchar(6) null,varchar(6) null,varchar(6) null,varchar(6) null,varchar(6) null,varchar(6) null,varchar(6) null,varchar(6) null,varchar(6) null,varchar(6) null,varchar(6) null,varchar(6) null,varchar(6) null,varchar(6) null,varchar(6) null,varchar(6) null,varchar(6) null,varchar(6) null,varchar(6) null,varchar(6) null,varchar(6) null,varchar(6) null,varchar(6) null,varchar(6) null,varchar(6) null,varchar(6) null,varchar(6) null,varchar(6) null,varchar(6) null,varchar(6) null,varchar(6) null,varchar(6) null,varchar(6) null,varchar(7) null,varchar(1) null,varchar(1) null,varchar(6) null,varchar(8) null,varchar(8) null,varchar(8) null,varchar(8) null,varchar(8) null,varchar(8) null,varchar(8) null,varchar(5) not null,varchar(8) null,varchar(8) null,varchar(8) null,varchar(8) null,varchar(8) null,varchar(8) null,varchar(8) null,varchar(8) null,varchar(8) null,varchar(8) null,varchar(8) null,varchar(8) null,varchar(8) null,varchar(8) null,varchar(8) null,varchar(1) null,varchar(1) null,varchar(1) null,varchar(1) null,varchar(1) null,varchar(1) null,,,,,,,,,,,,,,,,,,,,,,,,,,,,,,,,,,,,,,,,,,,,,,,,,,,,,,,,,,,,,,,,,,,,,,,,,,,,,,,,,,,,,,,,,,,,,,,,,,,,,,,,,,,,,,,,,,,,,,,,,,,,,,,,,,,,,,,,,,,,,,,,,,,,,,,,,,,,,,,,,,,,,,,,,,,,,,,,,,,,,,,,,,,,,,,,,,,,,,,,,,,,,,,,,,,,,,,,,,,,,,,,,,,,,,,,,,,,,,,,,,,,,,,,,,,,,,,,,,,,,,,,,,,,,,,,,,,,,,,,,,,,,,,,,,,,,,,,,,,,,,,,,,,,,,,,,,,,,,,,,,,,,,,,,,,,,,,,,,,,,,
si_sp.dbf,si_sp,sp_code,varchar(3) not null,varchar(20) not null,,,,,,,,,,,,,,,,,,,,,,,,,,,,,,,,,,,,,,,,,,,,,,,,,,,,,,,,,,,,,,,,,,,,,,,,,,,,,,,,,,,,,,,,,,,,,,,,,,,,,,,,,,,,,,,,,,,,,,,,,,,,,,,,,,,,,,,,,,,,,,,,,,,,,,,,,,,,,,,,,,,,,,,,,,,,,,,,,,,,,,,,,,,,,,,,,,,,,,,,,,,,,,,,,,,,,,,,,,,,,,,,,,,,,,,,,,,,,,,,,,,,,,,,,,,,,,,,,,,,,,,,,,,,,,,,,,,,,,,,,,,,,,,,,,,,,,,,,,,,,,,,,,,,,,,,,,,,,,,,,,,,,,,,,,,,,,,,,,,,,,,,,,,,,,,,,,,,,,,,,,,,,,,,,,,,,,,,,,,,,,,,,,,,,,,,,,,,,,,,,,,,,,,,,,,,,,,,,,,,,,,,,,,,,,,,,,,,,,,,,,,,,,,,,,,,,,,,,,,,,,,,,,,,,,,,,,,,,,,,,,,,,,,,,,,,,,,,,,,,,,,
si_udf.dbf,si_udf,company_id,varchar(8) not null,varchar(10) null,varchar(10) null,varchar(10) null,varchar(10) null,varchar(10) null,varchar(10) null,varchar(10) null,varchar(10) null,varchar(10) null,varchar(10) null,varchar(10) null,varchar(10) null,varchar(10) null,varchar(10) null,varchar(10) null,varchar(10) null,varchar(10) null,varchar(10) null,varchar(10) null,varchar(10) null,varchar(10) null,varchar(10) null,varchar(10) null,varchar(10) null,varchar(10) null,varchar(10) null,varchar(10) null,varchar(10) null,varchar(10) null,varchar(10) null,varchar(10) null,varchar(10) null,varchar(10) null,varchar(10) null,varchar(10) null,varchar(10) null,varchar(10) null,varchar(10) null,varchar(10) null,varchar(10) null,varchar(10) null,varchar(10) null,varchar(10) null,varchar(10) null,varchar(10) null,varchar(10) null,varchar(10) null,varchar(10) null,varchar(10) null,varchar(10) null,varchar(10) null,varchar(10) null,varchar(10) null,varchar(10) null,varchar(10) null,varchar(10) null,varchar(10) null,varchar(10) null,varchar(10) null,varchar(10) null,varchar(10) null,varchar(10) null,varchar(10) null,varchar(10) null,varchar(10) null,varchar(10) null,varchar(10) null,varchar(10) null,varchar(10) null,varchar(10) null,varchar(10) null,varchar(10) null,varchar(10) null,varchar(10) null,varchar(10) null,varchar(10) null,varchar(10) null,varchar(10) null,varchar(10) null,varchar(10) null,varchar(10) null,varchar(10) null,varchar(10) null,varchar(10) null,varchar(10) null,varchar(10) null,varchar(10) null,varchar(10) null,varchar(10) null,varchar(10) null,varchar(10) null,varchar(10) null,varchar(10) null,varchar(10) null,varchar(10) null,varchar(10) null,varchar(10) null,varchar(10) null,varchar(10) null,varchar(10) null,varchar(10) null,varchar(10) null,varchar(10) null,varchar(10) null,varchar(10) null,varchar(10) null,varchar(10) null,varchar(10) null,varchar(10) null,varchar(10) null,varchar(10) null,varchar(10) null,varchar(10) null,varchar(10) null,varchar(10) null,varchar(10) null,varchar(10) null,varchar(10) null,varchar(10) null,varchar(10) null,varchar(10) null,varchar(10) null,varchar(10) null,varchar(10) null,varchar(10) null,varchar(10) null,varchar(10) null,varchar(10) null,varchar(10) null,varchar(10) null,varchar(10) null,varchar(10) null,varchar(10) null,varchar(10) null,varchar(10) null,varchar(10) null,varchar(10) null,varchar(10) null,varchar(10) null,varchar(10) null,varchar(10) null,varchar(10) null,varchar(10) null,varchar(10) null,varchar(10) null,varchar(10) null,varchar(10) null,varchar(10) null,varchar(10) null,varchar(10) null,varchar(10) null,varchar(10) null,varchar(10) null,varchar(10) null,varchar(10) null,varchar(10) null,varchar(10) null,varchar(10) null,varchar(10) null,varchar(10) null,varchar(10) null,varchar(10) null,varchar(10) null,varchar(10) null,varchar(10) null,varchar(10) null,varchar(10) null,varchar(10) null,varchar(10) null,varchar(10) null,varchar(10) null,varchar(10) null,varchar(10) null,varchar(10) null,varchar(10) null,varchar(10) null,varchar(10) null,varchar(10) null,varchar(10) null,varchar(10) null,varchar(10) null,varchar(10) null,varchar(10) null,varchar(10) null,varchar(10) null,varchar(10) null,varchar(10) null,varchar(10) null,varchar(10) null,varchar(10) null,varchar(10) null,varchar(10) null,varchar(10) null,varchar(10) null,varchar(10) null,varchar(10) null,varchar(10) null,varchar(10) null,varchar(10) null,varchar(10) null,varchar(10) null,varchar(10) null,varchar(10) null,varchar(10) null,varchar(10) null,varchar(10) null,varchar(10) null,varchar(10) null,varchar(10) null,varchar(10) null,varchar(10) null,varchar(10) null,varchar(10) null,varchar(10) null,varchar(10) null,varchar(10) null,varchar(10) null,varchar(10) null,varchar(10) null,varchar(10) null,varchar(10) null,varchar(10) null,varchar(10) null,varchar(10) null,varchar(10) null,varchar(10) null,varchar(10) null,varchar(10) null,varchar(10) null,varchar(10) null,varchar(10) null,varchar(10) null,varchar(10) null,varchar(10) null,varchar(10) null,varchar(10) null,varchar(10) null,varchar(10) null,varchar(10) null,varchar(10) null,varchar(10) null,varchar(10) null,varchar(10) null,varchar(10) null,varchar(10) null,varchar(10) null,varchar(10) null,varchar(10) null,varchar(10) null,varchar(10) null,varchar(10) null,varchar(10) null,varchar(10) null,,,,,,,,,,,,,,,,,,,,,,,,,,,,,,,,,,,,,,,,,,,,,,,,,,,,,,,,,,,,,,,,,,,,,,,,,,,,,,,,,,,,,,,,,,,,,,,,,,,,,,,,,,,,,,,,,,,,,,,,,,,,,,,,,,,,,,,,,,,,,,,,,,,,,,,,,,,,,,,,,,,,,,,,,,,,,,,,,,,,,,,,,,,,,,,,,,,,,,,,,,,,,,,,,,,,,,,,,,,,,,,,,,,,,,,,,,,,,,,,,,,,,,,,,,,
si_utyp.dbf,si_utyp,type_code,varchar(3) not null,varchar(25) not null,varchar(25) not null,,,,,,,,,,,,,,,,,,,,,,,,,,,,,,,,,,,,,,,,,,,,,,,,,,,,,,,,,,,,,,,,,,,,,,,,,,,,,,,,,,,,,,,,,,,,,,,,,,,,,,,,,,,,,,,,,,,,,,,,,,,,,,,,,,,,,,,,,,,,,,,,,,,,,,,,,,,,,,,,,,,,,,,,,,,,,,,,,,,,,,,,,,,,,,,,,,,,,,,,,,,,,,,,,,,,,,,,,,,,,,,,,,,,,,,,,,,,,,,,,,,,,,,,,,,,,,,,,,,,,,,,,,,,,,,,,,,,,,,,,,,,,,,,,,,,,,,,,,,,,,,,,,,,,,,,,,,,,,,,,,,,,,,,,,,,,,,,,,,,,,,,,,,,,,,,,,,,,,,,,,,,,,,,,,,,,,,,,,,,,,,,,,,,,,,,,,,,,,,,,,,,,,,,,,,,,,,,,,,,,,,,,,,,,,,,,,,,,,,,,,,,,,,,,,,,,,,,,,,,,,,,,,,,,,,,,,,,,,,,,,,,,,,,,,,,,,,,,,,,,,
si_val.dbf,si_val,company_id,varchar(8) null,varchar(8) null,varchar(8) null,varchar(8) null,varchar(8) null,varchar(8) null,varchar(8) null,varchar(8) null,varchar(8) null,varchar(8) null,varchar(8) null,varchar(8) null,varchar(8) null,varchar(6) null,varchar(6) null,varchar(8) null,varchar(9) null,varchar(9) null,varchar(9) null,varchar(9) null,varchar(8) null,varchar(8) null,varchar(8) null,varchar(8) null,varchar(11) null,varchar(13) null,varchar(13) null,varchar(5) not null,,,,,,,,,,,,,,,,,,,,,,,,,,,,,,,,,,,,,,,,,,,,,,,,,,,,,,,,,,,,,,,,,,,,,,,,,,,,,,,,,,,,,,,,,,,,,,,,,,,,,,,,,,,,,,,,,,,,,,,,,,,,,,,,,,,,,,,,,,,,,,,,,,,,,,,,,,,,,,,,,,,,,,,,,,,,,,,,,,,,,,,,,,,,,,,,,,,,,,,,,,,,,,,,,,,,,,,,,,,,,,,,,,,,,,,,,,,,,,,,,,,,,,,,,,,,,,,,,,,,,,,,,,,,,,,,,,,,,,,,,,,,,,,,,,,,,,,,,,,,,,,,,,,,,,,,,,,,,,,,,,,,,,,,,,,,,,,,,,,,,,,,,,,,,,,,,,,,,,,,,,,,,,,,,,,,,,,,,,,,,,,,,,,,,,,,,,,,,,,,,,,,,,,,,,,,,,,,,,,,,,,,,,,,,,,,,,,,,,,,,,,,,,,,,,,,,,,,,,,,,,,,,,,,,,,,,,,,,
STDVIEW.DBF,STDVIEW,fld_order,decimal(5,0) not null,decimal(3,0) not null,varchar(19) not null,,,,,,,,,,,,,,,,,,,,,,,,,,,,,,,,,,,,,,,,,,,,,,,,,,,,,,,,,,,,,,,,,,,,,,,,,,,,,,,,,,,,,,,,,,,,,,,,,,,,,,,,,,,,,,,,,,,,,,,,,,,,,,,,,,,,,,,,,,,,,,,,,,,,,,,,,,,,,,,,,,,,,,,,,,,,,,,,,,,,,,,,,,,,,,,,,,,,,,,,,,,,,,,,,,,,,,,,,,,,,,,,,,,,,,,,,,,,,,,,,,,,,,,,,,,,,,,,,,,,,,,,,,,,,,,,,,,,,,,,,,,,,,,,,,,,,,,,,,,,,,,,,,,,,,,,,,,,,,,,,,,,,,,,,,,,,,,,,,,,,,,,,,,,,,,,,,,,,,,,,,,,,,,,,,,,,,,,,,,,,,,,,,,,,,,,,,,,,,,,,,,,,,,,,,,,,,,,,,,,,,,,,,,,,,,,,,,,,,,,,,,,,,,,,,,,,,,,,,,,,,,,,,,,,,,,,,,,,,,,,,,,,,,,,,,,,,,,,,,,
